{
    "homeLabel": "Angular Book Store",
    "homeUrl": "/home",
    "submenus": [
        {
            "position": "left",
            "items": [
                {
                    "label": "Books",
                    "url": "/books"
                },
                {
                    "label": "Users",
                    "url": "/users"
                }
            ]
        },
        {
            "position": "right",
            "items": [
                {
                    "label": "Sign In",
                    "url": "/sign-in"
                },
                {
                    "label": "Sign Up",
                    "url": "/sign-up"
                }
            ]
        }
    ]
}
