<ruleset xmlns="http://pmd.sf.net/ruleset/1.0.0" xmlns:xsi="http://www.w3.org/2001/XMLSchema-instance" name="PMD-BASICO-EQUIFAX" xsi:schemaLocation="http://pmd.sf.net/ruleset/1.0.0 http://pmd.sf.net/ruleset_xml_schema.xsd" xsi:noNamespaceSchemaLocation="http://pmd.sf.net/ruleset_xml_schema.xsd">
<description>Conjunto de reglas basico PMD para Equifax</description>
<!--  BASIC  -->
<rule ref="rulesets/java/basic.xml">
<exclude name="EmptyCatchBlock"/>
</rule>
<rule ref="rulesets/java/basic.xml/EmptyCatchBlock" message="Avoid empty catch blocks">
<priority>3</priority>
<properties>
<property name="allowCommentedBlocks" description="Los bloques vacios que contengan comentarios seran ignorados">
<value>true</value>
</property>
</properties>
</rule>
<!--
 BRACES* - El formateo de codigo deberia prevenir estos errores. 
-->
<rule ref="rulesets/java/braces.xml"/>
<!--  CODE SIZE**  -->
<!--  inicio BCU**  -->
<rule name="NoDemasiadosCamposEnClase" message="No use mas de 15 campos en la clase, esto solo es posible en Entidades JPA."
        class="net.sourceforge.pmd.lang.rule.XPathRule" language="java">
    <description>
       No use demasiados campos en la clase, utilice DTOs en su lugar para envolver campos.
    </description>
    <priority>3</priority>
    <properties>
       <property name="xpath">
         <value>
            <![CDATA[ //ClassOrInterfaceDeclaration/ClassOrInterfaceBody[count(.//FieldDeclaration[@Final='false'][@Static='false'])>15 
            and not(//MarkerAnnotation/Name[@Image = 'Entity'])] 
            ]]> 
    </value>
    </property>
  </properties> 
  <example>
   <![CDATA[
	public class Person {	// too many separate fields
	   int birthYear;
	   int birthMonth;
	   int birthDate;
	   float height;
	   float weight;
	}
	public class Person {	// this is more manageable
	   Date birthDate;
	   BodyMeasurements measurements;
	}
   ]]>
  </example>
</rule>

<rule name="NoDemasiadosMetodosPublicos" message="No use mas de 45 metodos publicos en la clase, esto solo es posible en Entidades JPA."
        class="net.sourceforge.pmd.lang.rule.XPathRule" language="java">
    <description>
       No use demasiados metodos publicos en la clase, puede utilizar un nuevo servicio o clase para desaclopamiento.
    </description>
    <priority>3</priority>
    <properties>
       <property name="xpath">
         <value>
            <![CDATA[ //ClassOrInterfaceDeclaration/ClassOrInterfaceBody[count(.//MethodDeclaration[@Private='false'][@Static='false'])>45 
            and not(//MarkerAnnotation/Name[@Image = 'Entity'])] 
            ]]> 
    </value>
    </property>
  </properties> 
     <example>
	    <![CDATA[
	public class Foo {
		public String value;
		public Bar something;
		public Variable var;
	 // [... more more public attributes ...]

		public void doWork() {}
		public void doMoreWork() {}
		public void doWorkAgain() {}
	 // [... more more public methods ...]
	}
	    ]]>
      </example>
  </rule>
<!--  fin BCU**  -->
<rule ref="rulesets/java/codesize.xml">
  <exclude name="TooManyMethods"/>
  <exclude name="TooManyFields"/>
  <exclude name="ExcessivePublicCount"/>
<!--  Excluida pues aun tiene problemas  -->
</rule>

<!--  COUPLING**  -->
<rule ref="rulesets/java/coupling.xml">
<exclude name="LawOfDemeter"/>
</rule>
<!--  DESIGN  -->
<rule ref="rulesets/java/design.xml">
<exclude name="SimpleDateFormatNeedsLocale"/>
<exclude name="UseLocaleWithCaseConversions"/>
<exclude name="UseNotifyAllInsteadOfNotify"/>
<exclude name="NonThreadSafeSingleton"/>
<exclude name="UnsynchronizedStaticDateFormatter"/>
<exclude name="SingularField"/>
<exclude name="UncommentedEmptyConstructor"/>
<exclude name="GodClass"/>
</rule>
<!--
 IMPORTS* - La organizacion de imports de eclipse deberia prevenir estos errores.
-->
<rule ref="rulesets/java/imports.xml/TooManyStaticImports">
<properties>
<property name="maximumStaticImports" value="10"/>
</properties>
</rule>
<rule ref="rulesets/java/imports.xml">
<exclude name="TooManyStaticImports"/>
</rule>
<!--  J2EE  -->
<rule ref="rulesets/java/j2ee.xml">
<exclude name="RemoteInterfaceNamingConvention"/>
</rule>
<!--
 JAVABEANS* - La advertencia de Eclipse respecto al SUID deberia prevenir estos errores. 
-->
<rule ref="rulesets/java/javabeans.xml">
<exclude name="BeanMembersShouldSerialize"/>
</rule>
<!--
 LOGGING-JAVA - Aunque es para el logger propio de JDK, vamos a usarlo para Log4J. 
-->
<rule ref="rulesets/java/logging-java.xml">
   <exclude name="LoggerIsNotStaticFinal"/>
</rule>

<!--  NAMING  -->
<rule ref="rulesets/java/naming.xml">
<exclude name="ShortVariable"/>
<exclude name="LongVariable"/>
<exclude name="VariableNamingConventions"/>
<exclude name="AbstractNaming"/>
<exclude name="MisleadingVariableName"/>
<exclude name="ShortClassName"/>
</rule>
<!--  OPTIMIZATIONS**  -->
<rule ref="rulesets/java/optimizations.xml">
<exclude name="LocalVariableCouldBeFinal"/>
<exclude name="MethodArgumentCouldBeFinal"/>

</rule>
<!--  STRICT EXCEPTIONS**  -->
<rule ref="rulesets/java/strictexception.xml"/>
<!--  STRINGS**  -->
<rule ref="rulesets/java/strings.xml"/>
<!--
 UNUSED CODE* - Las advertencias de Eclipse relacionadas con uso de variables deberian prevenir estos errores. 
-->
<rule ref="rulesets/java/unusedcode.xml"/>
<!--
 Prohibir el uso de nombres completos de tipos en las declaraciones. 
-->
<rule name="ProhibirFQCN" message="No se permite el uso de nombre de clases totalmente calificados" class="net.sourceforge.pmd.lang.rule.XPathRule" language="java">
<description>
No se permite el uso de nombres de clase calificadas, osea, que se definan incluyendo el paquete al que pertenecen.
</description>
<properties>
<property name="xpath">
<value>
<![CDATA[
//ClassOrInterfaceType[matches(@Image,'(com|org|net|ec|eu|sun|java|javax)(\.\w+)+')] | //PrimaryPrefix/Name[matches(@Image,'(com|org|net|ec|eu|sun|java|javax)(\.\w+)+')]
]]>
</value>
</property>
</properties>
<priority>3</priority>
<example>
<![CDATA[
// Uso erroneo
 
 public class A {
 org.var.B b = new org.var.C();
 
 public org.var.D d(org.var.E e) {
 
 org.var.F f = new org.var.G();
 
 org.var.H.h(org.var.I.i, m.j);
 
 }
 }
 
 
 // Uso correcto:
 
 import org.var.B;
 import org.var.C;
 import org.var.D;
 import org.var.E;
 import org.var.F;
 import org.var.G;
 import org.var.H;
 import org.var.I;
 
 public class A {
 B b = new C();
 
 public D d(E e) {
 
 F f = new G();
 
 H.h(I.i, m.j);
 
 }
 }
]]>
</example>
</rule>
</ruleset>
